# Irregular inflections — the forms no suffix rule can reach.  GENERATED; do
# not hand-edit.
#
# Regenerate:
#   ./crates/verb-synonyms-gen/fetch-sources.sh /tmp/verbsyn
#   cargo run -p verb-synonyms-gen -- irregulars \
#       --wordnet /tmp/verbsyn/WordNet-3.0/dict \
#       -o crates/verb-synonyms/src/irregular_forms.tsv
#
# SOURCE: WordNet 3.0 (Princeton University, 2006) — `verb.exc` and `noun.exc`
# out of WordNet-3.0.tar.gz, sha256 640db279…d3a52.  The notice Princeton's
# licence requires is in THIRD-PARTY-NOTICES.md at the repository root.  The
# DB-only WNdb-3.0.tar.gz carries neither file, which is why fetch-sources.sh
# takes the full tarball.
#
# FORMAT: one `form<TAB>base` per line.  A form appears on SEVERAL lines when
# WordNet gives it more than one base — `axes` is `ax` and `axis`, `singing` is
# `sing` and `singe`, `overflown` is `overflow` and `overfly` — which is why the
# reader hands back a slice and lets the story's own dictionary choose.
#
# SORTED, and unlike synonym_groups.tsv that is safe: nothing here depends on
# line order.  A form's bases are alternative readings of one spelling with no
# ranking between them available or wanted, so the file is sorted to be
# greppable and to diff cleanly across a regeneration.
#
# VERBS AND NOUNS BOTH.  `lit` → `light` is the motivating case, but the
# consumer (`vocab::stems` in `app`) is asked about every position in a command,
# so `mice` → `mouse` is the same case one slot to the right.  A pair that both
# lists give is written once.
#
# 2417 verb rows, 2107 noun rows, 4520 lines, 4424 distinct forms.
aardwolves	aardwolf
abaci	abacus
abetted	abet
abetting	abet
abhorred	abhor
abhorring	abhor
abode	abide
aboideaux	aboideau
aboiteaux	aboiteau
abought	aby
about-shipped	about-ship
about-shipping	about-ship
abscissae	abscissa
abutted	abut
abutting	abut
abye	aby
acanthi	acanthus
acari	acarus
acciaccature	acciaccatura
accompanied	accompany
acetabula	acetabulum
acetified	acetify
achaemenidae	achaemenid
achaemenides	achaemenid
acicula	aciculum
aciculae	acicula
acidified	acidify
acini	acinus
acquitted	acquit
acquitting	acquit
acre-feet	acre-foot
acromia	acromion
actiniae	actinia
actinozoa	actinozoan
ad-libbed	ad-lib
ad-libbing	ad-lib
addenda	addendum
addrest	address
adenocarcinomata	adenocarcinoma
adenomata	adenoma
adieux	adieu
admitted	admit
admitting	admit
adyta	adytum
aecia	aecium
aecidia	aecidium
aerified	aerify
aerobia	aerobium
agents-general	agent-general
aggiornamenti	aggiornamento
agnomina	agnomen
agones	agon
agorae	agora
agouties	agouti
aides-de-camp	aide-de-camp
aides-memoire	aide-memoire
aids-de-camp	aid-de-camp
air-dried	air-dry
airdropped	airdrop
airdropping	airdrop
alae	ala
alewives	alewife
alkalies	alkali
alkalified	alkalify
allied	ally
allodia	allodium
allotted	allot
allotting	allot
allowed for	allow for
allowing for	allow for
allows for	allow for
alluvia	alluvium
alodia	alodium
alto-relievos	alto-relievo
alto-relievos	alto-rilievo
altocumuli	altocumulus
altostrati	altostratus
alulae	alula
alumnae	alumna
alumni	alumnus
alveoli	alveolus
am	be
amanuenses	amanuensis
ambulacra	ambulacrum
amebae	ameba
amici curiae	amicus curiae
ammonified	ammonify
amnestied	amnesty
amnia	amnion
amniocenteses	amniocentesis
amoebae	amoeba
amoebiases	amoebiasis
amoraim	amora
amoretti	amoretto
amorini	amorino
amphiarthroses	amphiarthrosis
amphicia	amphithecium
amphimixes	amphimixis
amphioxi	amphioxus
amphisbaenae	amphisbaena
amphorae	amphora
amplified	amplify
ampullae	ampulla
amygdalae	amygdala
anabases	anabasis
anacolutha	anacoluthon
anacruses	anacrusis
anaerobia	anaerobium
anagnorises	anagnorisis
analemmata	analemma
analyses	analysis
anamneses	anamnesis
anamorphoses	anamorphosis
anastomoses	anastomosis
anatyxes	anaptyxis
ancones	ancon
ancones	ancone
androclinia	androclinium
androecia	androecium
androsphinges	androsphinx
andtheridia	antheridium
angelfishes	angelfish
angiomata	angioma
anglified	anglify
animalcula	animalculum
anlagen	anlage
annattos	anatto
annattos	annatto
annuli	annulus
annulled	annul
annulling	annul
antae	anta
antalkalies	antalkali
antefixa	antefix
antennae	antenna
antependia	antependium
anthelia	anthelion
anthelices	anthelix
anthemia	anthemion
antheridia	antheridium
anthodia	anthodium
anthozoa	anthozoan
anthraces	anthrax
anticlinoria	anticlinorium
antihelices	antihelix
antiheroes	antihero
antisera	antiserum
antitheses	antithesis
antitragi	antitragus
antra	antrum
aortae	aorta
aphelia	aphelion
aphides	aphis
apices	apex
apodoses	apodosis
apomixes	apomixis
aponeuroses	aponeurosis
apophyses	apophysis
aposiopeses	aposiopesis
apothecia	apothecium
apotheoses	apotheosis
appalled	appal
appalled	appall
appalling	appal
appalling	appall
appendices	appendix
applied	apply
appoggiature	appoggiatura
apsides	apsis
aquae	aqua
aquaria	aquarium
araglis	argali
arboreta	arboretum
arcana	arcanum
archegonia	archegonium
archerfishes	archerfish
archesporia	archesporium
archipelagoes	archipelago
arcked	arc
arcking	arc
arcs-boutants	arc-boutant
are	be
areolae	areola
argufied	argufy
argumenta	argumentum
ariette	arietta
arisen	arise
aristae	arista
armamentaria	armamentarium
arose	arise
arses	arsis
artal	rotl
artel	rotl
arterioscleroses	arteriosclerosis
aruspices	aruspex
asceses	ascesis
asci	ascus
ascidia	ascidium
ascogonia	ascogonium
ashes	ash
ashkenazim	ashkenazi
aspergilla	aspergillum
aspergilli	aspergillus
aspergilloses	aspergillosis
aspersoria	aspersorium
assegais	assagai
assegais	assegai
astragali	astragalus
asyndeta	asyndeton
ate	eat
atheromata	atheroma
atheroscleroses	atherosclerosis
atmolyses	atmolysis
atria	atrium
atrophied	atrophy
attorneys-at-law	attorney-at-law
auditoria	auditorium
aurae	aura
aurar	eyrir
aurei	aureus
auriculae	auricula
aurorae	aurora
auspices	auspex
auspices	auspice
autocatalyses	autocatalysis
autochthones	autochthon
automata	automaton
autos-da-fe	auto-da-fe
averred	aver
averring	aver
avitaminoses	avitaminosis
awoke	awake
awoken	awake
axes	ax
axes	axis
axillae	axilla
babied	baby
baby-sat	baby-sit
baby-sitting	baby-sit
bacchantes	bacchant
bacchantes	bacchante
bacchii	bacchius
bacilli	bacillus
back-pedalled	back-pedal
back-pedalling	back-pedal
backbit	backbite
backbitten	backbite
backslid	backslide
backslidden	backslide
bacteriostases	bacteriostasis
bacula	baculum
bade	bid
bagged	bag
bagging	bag
bains marie	bain marie
bains-marie	bain-marie
ballistae	ballista
ballyragged	ballyrag
ballyragging	ballyrag
bambini	bambino
bandeaux	bandeau
bandied	bandy
banditti	bandit
bani	ban
banjoes	banjo
banned	ban
banning	ban
barklice	barklouse
barramundies	barramundi
barred	bar
barrelled	barrel
barrelling	barrel
barring	bar
bases	base
bases	basis
bases on balls	base on balls
bases-on-balls	base on balls
basidia	basidium
basified	basify
basileis	basileus
bassi	basso
bastinadoes	bastinado
bateaux	bateau
batfishes	batfish
batted	bat
batting	bat
bayonetted	bayonet
bayonetting	bayonet
beadsmen	beadsman
beadsmen	bedesman
beaten	beat
beatified	beatify
beautified	beautify
beaux	beau
became	become
became known	become known
beches-de-mer	beche-de-mer
becomes known	become known
bedded	bed
bedding	bed
bedevilled	bedevil
bedevilling	bedevil
bedimmed	bedim
bedimming	bedim
been	be
beeves	beef
befallen	befall
befell	befall
befitted	befit
befitting	befit
befogged	befog
befogging	befog
began	begin
begat	beget
begetting	beget
begged	beg
begging	beg
beginning	begin
begirt	begird
begot	beget
begotten	beget
begun	begin
beheld	behold
beholden	behold
behooves	behoof
bejewelled	bejewel
bejewelling	bejewel
bellied	belly
belly-flopped	belly-flop
belly-flopping	belly-flop
belying	belie
benefitted	benefit
benefitting	benefit
benempt	bename
bent	bend
berried	berry
bersaglieri	bersagliere
besetting	beset
besought	beseech
bespoke	bespeak
bespoken	bespeak
bestirred	bestir
bestirring	bestir
bestrewn	bestrew
bestrid	bestride
bestridden	bestride
bestrode	bestride
betaken	betake
bethought	bethink
betook	betake
betted	bet
betting	bet
bevelled	bevel
bevelling	bevel
bhishties	bheesty
bhishties	bhishti
biassed	bias
biassing	bias
bibliothecae	bibliotheca
bicennaries	bicentenary
bicennaries	bicentennial
bidden	bid
bidding	bid
bijoux	bijou
bilboes	bilbo
billets-doux	billet-doux
billfishes	billfish
bimboes	bimbo
binned	bin
binning	bin
bird-dogged	bird-dog
bird-dogging	bird-dog
bisectrices	bisectrix
bit	bite
bitted	bit
bitten	bite
bitting	bit
bivouacked	bivouac
bivouacking	bivouac
blabbed	blab
blabbing	blab
blackberried	blackberry
blackfeet	blackfoot
blackfishes	blackfish
blacklegged	blackleg
blacklegging	blackleg
blastemata	blastema
blastulae	blastula
blatted	blat
blatting	blat
bled	bleed
blest	bless
blew	blow
blew one's nose	blow one's nose
blindfishes	blindfish
blipped	blip
blipping	blip
blobbed	blob
blobbing	blob
bloodied	bloody
blotted	blot
blotting	blot
blowfishes	blowfish
blowing one's nose	blow one's nose
blown	blow
blows one's nose	blow one's nose
blubbed	blub
blubbing	blub
blue-pencilled	blue-pencil
blue-pencilling	blue-pencil
bluefishes	bluefish
blurred	blur
blurring	blur
boarfishes	boarfish
bobbed	bob
bobbing	bob
bodied	body
bogged down	bog down
bogged-down	bog-down
bogging down	bog down
bogging-down	bog-down
bogs down	bog down
bogs-down	bog-down
bok	boschbok
boleti	boletus
bolivares	bolivar
bolsheviki	bolshevik
bonefishes	bonefish
bongoes	bongo
bonitoes	bonito
booby-trapped	booby-trap
booby-trapping	booby-trap
booklice	booklouse
bookshelves	bookshelf
bootlegged	bootleg
bootlegging	bootleg
bopped	bop
bopping	bop
boraces	borax
borborygmi	borborygmus
bordereaux	bordereau
bore	bear
born	bear
borne	bear
botargoes	botargo
bottle-fed	bottle-feed
bought	buy
bound	bind
box-kodaks	box kodak
boxfishes	boxfish
brachia	brachium
bragged	brag
bragging	brag
brainchildren	brainchild
branchiae	branchia
brants	brant
brants	brent
bravadoes	bravado
bravoes	bravo
breast-fed	breast-feed
bred	breed
bregmata	bregma
brethren	brother
brevetted	brevet
brevetting	brevet
brimmed	brim
brimming	brim
broadcast media	broadcast medium
broadleaves	broadleaf
broke	break
broken	break
bronchi	bronchus
brothers-in-law	brother-in-law
brought	bring
browbeaten	browbeat
brutified	brutify
bryozoa	bryozoan
buboes	bubo
buckoes	bucko
buckteeth	bucktooth
budded	bud
budding	bud
buffaloes	buffalo
bugged	bug
bugging	bug
built	build
bullae	bulla
bulldogging	bulldog
bullied	bully
bullshitted	bullshit
bullshitting	bullshit
bullwhipped	bullwhip
bullwhipping	bullwhip
bullyragged	bullyrag
bullyragging	bullyrag
bummed	bum
bumming	bum
bunde	bund
bureaux	bureau
bureaux de change	bureau de change
buried	bury
burnt	burn
burred	bur
burring	bur
bursae	bursa
bushbok	boschbok
bushboks	boschbok
bushelled	bushel
bushelling	bushel
busied	busy
busses	bus
butterfishes	butterfish
bypast	bypass
byssi	byssus
caballed	cabal
caballing	cabal
cacti	cactus
caddied	caddie
caddied	caddy
caddies	caddie
caddies	caddy
caddying	caddie
caddying	caddy
caducei	caduceus
caeca	caecum
caesurae	caesura
calami	calamus
calathi	calathus
calcanei	calcaneum
calcanei	calcaneus
calces	calx
calcified	calcify
calculi	calculus
caldaria	caldarium
calices	calix
calicoes	calico
calli	callus
calves	calf
calyces	calyx
cambia	cambium
came	come
camerae	camera
canaliculi	canaliculus
canalled	canal
canalling	canal
cancelled	cancel
cancelling	cancel
candelabra	candelabrum
candied	candy
candlefishes	candlefish
canned	can
canning	can
canopied	canopy
canthi	canthus
canulae	canula
canzoni	canzone
capita	caput
capitula	capitulum
capped	cap
capping	cap
capricci	capriccio
carabinieri	carabiniere
carbonadoes	carbonado
carburetted	carburet
carburetting	carburet
carcinomata	carcinoma
cargoes	cargo
carides	caryatid
carillonned	carillon
carillonning	carillon
carinae	carina
carnied	carny
carnified	carnify
caroli	carolus
carolled	carol
carolling	carol
carpi	carpus
carpogonia	carpogonium
carried	carry
carryings-on	carrying-on
caryopses	caryopsis
caryopsides	caryopsis
casefied	casefy
castrati	castrato
catabases	catabasis
cataclases	cataclasis
cataloes	catalo
catalyses	catalysis
catenae	catena
catfishes	catfish
cathari	cathar
cathexes	cathexis
catnapped	catnap
catnapping	catnap
cattaloes	cattalo
catted	cat
catting	cat
caudices	caudex
caught	catch
caules	caulis
cavatine	cavatina
cavefishes	cavefish
cavetti	cavetto
cavilled	cavil
cavilling	cavil
cavo-rilievi	cavo-rilievo
ceca	cecum
cellae	cella
cembali	cembalo
centesimi	centesimo
centra	centrum
cephalothoraces	cephalothorax
cercariae	cercaria
cercariiae	cercaria
cerci	cercus
cerebella	cerebellum
cerebra	cerebrum
certified	certify
cervices	cervix
cestuses	caestus
cesurae	cesura
chadarim	cheder
chaetae	chaeta
chaises longues	chaise longue
chalazae	chalaza
challoth	hallah
chalutzim	chalutz
channelled	channel
channelling	channel
chapaties	chapati
chapatties	chapatti
chapeaux	chapeau
chapped	chap
chapping	chap
charred	char
charring	char
chasidim	chasid
chassidim	chassid
chateaux	chateau
chatted	chat
chatting	chat
chazanim	chazan
chedarim	cheder
chefs-d'ouvre	chef-d'ouvre
chelae	chela
chelicerae	chelicera
cherubim	cherub
chevaux-de-frise	cheval-de-frise
chevied	chivy
chevies	chivy
chevying	chivy
chiasmata	chiasma
chiasmi	chiasmus
chid	chide
chidden	chide
children	child
chillies	chilli
chinese eddoes	chinese eddo
chinned	chin
chinning	chin
chipped	chip
chipping	chip
chiselled	chisel
chiselling	chisel
chitarroni	chitarrone
chitchatted	chitchat
chitchatting	chitchat
chivied	chivy
chivved	chiv
chivvied	chivy
chivvies	chivy
chivving	chiv
chivvying	chivy
chlamydes	chlamys
chlamyses	chlamys
chondrified	chondrify
chondromata	chondroma
chopped	chop
chopping	chop
choragi	choragus
choriambi	choriambus
chose	choose
chosen	choose
choux	chou
chromonemata	chromonema
chrysalides	chrysalis
chugged	chug
chugging	chug
chummed	chum
chumming	chum
chuvashes	chuvash
ciboria	ciborium
cicadae	cicada
cicale	cicala
cicatrices	cicatrix
ciceroni	cicerone
cicisbei	cicisbeo
cilia	cilium
cimices	cimex
cineraria	cinerarium
cingula	cingulum
cirri	cirrus
cirrocumuli	cirrocumulus
cirrostrati	cirrostratus
ciscoes	cisco
cisternae	cisterna
citified	citify
clad	clothe
cladding	clad
clammed	clam
clamming	clam
clani	clarino
clanos	clarino
clapped	clap
clapping	clap
clarified	clarify
claroes	claro
classified	classify
cleft	cleave
clemmed	clem
clemming	clem
clepsydrae	clepsydra
clept	clepe
clinandria	clinandrium
clingfishes	clingfish
clipped	clip
clipping	clip
clitella	clitellum
cloacae	cloaca
clogged	clog
clogging	clog
clopped	clop
clopping	clop
clostridia	clostridium
clotted	clot
clotting	clot
clove	cleave
cloven	cleave
cloverleaves	cloverleaf
clubbed	club
clubbing	club
clung	cling
clypei	clypeus
co-opted	coopt
co-opting	coopt
co-opts	coopts
co-ordinate	coordinate
co-ordinated	coordinate
co-ordinates	coordinate
co-ordinating	coordinate
co-starred	co-star
co-starring	co-star
coagula	coagulum
coalfishes	coalfish
cocci	coccus
coccyges	coccyx
cochleae	cochlea
cockneyfied	cockneyfy
codded	cod
codding	cod
codfishes	codfish
codices	codex
codified	codify
coelentera	coelenteron
coenuri	coenurus
cogged	cog
cogging	cog
cognomina	cognomen
cognosenti	cognosente
coiffed	coif
coiffing	coif
cola	colon
coleorhizae	coleorhiza
collegia	collegium
collied	colly
colloquia	colloquium
colluvia	colluvium
collyria	collyrium
colones	colon
colossi	colossus
columbaria	columbarium
columellae	columella
comae	coma
comatulae	comatula
combatted	combat
combatting	combat
comedones	comedo
comics	comic
comics	comic strip
commandoes	commando
committed	commit
committing	commit
compelled	compel
compelling	compel
complied	comply
complotted	complot
complotting	complot
concertanti	concertante
concerti	concerto
concerti grossi	concerto grosso
concertini	concertino
conchae	concha
concurred	concur
concurring	concur
condottieri	condottiere
condylomata	condyloma
confabbed	confab
confabbing	confab
conferred	confer
conferring	confer
confervae	conferva
congii	congius
conidia	conidium
conjunctivae	conjunctiva
conned	con
conning	con
conquistadores	conquistador
consortia	consortium
contagia	contagium
continua	continuum
contralti	contralto
controlled	control
controlling	control
conversazioni	conversazione
convolvuli	convolvulus
cooks-general	cook-general
copied	copy
copped	cop
copping	cop
copulae	copula
coquetted	coquet
coquetting	coquet
corbiculae	corbicula
coria	corium
corneae	cornea
cornua	cornu
coronae	corona
corpora	corpus
corpora lutea	corpus luteum
corpora striata	corpus striatum
corralled	corral
corralling	corral
corrigenda	corrigendum
cortices	cortex
cortinae	cortina
corybantes	corybant
coryphaei	coryphaeus
costae	costa
cothurni	cothurnus
counselled	counsel
counselling	counsel
counterplotted	counterplot
counterplotting	counterplot
countersank	countersink
countersunk	countersink
court-martialled	court-martial
court-martialling	court-martial
courts martial	court martial
couteaux	couteau
cowfishes	cowfish
coxae	coxa
crabbed	crab
crabbing	crab
cramboes	crambo
crammed	cram
cramming	cram
crania	cranium
crapped	crap
crapping	crap
crases	crasis
crawfishes	crawfish
crayfishes	crayfish
credenda	credendum
crematoria	crematorium
crept	creep
crescendi	crescendo
cribbed	crib
cribbing	crib
cribella	cribellum
cried	cry
crises	crisis
crissa	crissum
cristae	crista
criteria	criterion
cropped	crop
cropping	crop
crossbred	crossbreed
crosscutting	crosscut
cruces	crux
crucified	crucify
crura	crus
crusadoes	crusado
cruzadoes	cruzado
crying	cry
cryings	cry
ctenidia	ctenidium
cubbed	cub
cubbing	cub
cubicula	cubiculum
cudgelled	cudgel
cudgelling	cudgel
culices	culex
culpae	culpa
culs-de-sac	cul-de-sac
culti	cultus
cumuli	cumulus
cumulonimbi	cumulonimbus
cumulostrati	cumulostratus
cupelled	cupel
cupelling	cupel
cupped	cup
cupping	cup
curetted	curet
curettes	curet
curetting	curet
curiae	curia
curricula	curriculum
curried	curry
curst	curse
curtsied	curtsy
curvetted	curvet
curvetting	curvet
custodes	custos
cutes	cutis
cuticulae	cuticula
cutting	cut
cuttlefishes	cuttlefish
cyclopes	cyclops
cycloses	cyclosis
cylices	cylix
cylikes	cylix
cymae	cyma
cymatia	cymatium
cypselae	cypsela
cysticerci	cysticercus
dabbed	dab
dabbing	dab
dadoes	dado
dagged	dag
dagging	dag
dagoes	dago
dallied	dally
dammed	dam
damming	dam
damnified	damnify
damselfishes	damselfish
dandified	dandify
dapped	dap
dapping	dap
data	datum
daughters-in-law	daughter-in-law
daymio	daimio
daymios	daimio
dealfishes	dealfish
dealt	deal
debarred	debar
debarring	debar
debugged	debug
debugging	debug
debussed	debus
debusses	debus
debussing	debus
decalcified	decalcify
decemviri	decemvir
decennia	decennium
deciduae	decidua
declassified	declassify
decontrolled	decontrol
decontrolling	decontrol
decried	decry
deep-freeze	deepfreeze
deep-freezed	deepfreeze
deep-freezes	deepfreeze
deep-fried	deep-fry
deferred	defer
deferring	defer
defied	defy
definienda	definiendum
definientia	definiens
degassed	degas
degasses	degas
degassing	degas
dehumidified	dehumidify
deified	deify
delphinia	delphinium
demitted	demit
demitting	demit
demobbed	demob
demobbing	demob
demulsified	demulsify
demurred	demur
demurring	demur
demystified	demystify
denarii	denarius
denazified	denazify
denied	deny
denitrified	denitrify
denned	den
denning	den
dentalia	dentalium
dermatoses	dermatosis
descried	descry
desiderata	desideratum
desperadoes	desperado
deterred	deter
deterring	deter
detoxified	detoxify
devilfishes	devilfish
devilled	devil
devilling	devil
devitrified	devitrify
diaereses	diaeresis
diaerses	diaeresis
diagnoses	diagnosis
diagrammed	diagram
diagramming	diagram
dialled	dial
dialling	dial
dialyses	dialysis
diaphyses	diaphysis
diapophyses	diapophysis
diarthroses	diarthrosis
diastalses	diastalsis
diastases	diastasis
diastemata	diastema
diathses	diathesis
diazoes	diazo
dibbed	dib
dibbing	dib
dibbukkim	dibbuk
dichasia	dichasium
dicta	dictum
did	do
didoes	dido
diereses	dieresis
dieses	diesis
differentiae	differentia
digging	dig
dignified	dignify
dilettanti	dilettante
dilly-dallied	dilly-dally
diluvia	diluvium
dimmed	dim
dimming	dim
dingoes	dingo
dinned	din
dinning	din
diplococci	diplococcus
dipped	dip
dipping	dip
directors-general	director-general
dirtied	dirty
disannulled	disannul
disannulling	disannul
disbarred	disbar
disbarring	disbar
disbudded	disbud
disbudding	disbud
disci	discus
discoboli	discobolos
discoboli	discobolus
disembodied	disembody
disembowelled	disembowel
disembowelling	disembowel
disenthralled	disenthral
disenthralled	disenthrall
disenthralling	disenthral
disenthralling	disenthrall
disenthralls	disenthral
disenthrals	disenthrall
dishevelled	dishevel
dishevelling	dishevel
disinterred	disinter
disinterring	disinter
dispelled	dispel
dispelling	dispel
disqualified	disqualify
dissatisfied	dissatisfy
distilled	distil
distilled	distill
distilling	distil
distilling	distill
dive	diva
diversified	diversify
diverticula	diverticulum
divertimenti	divertimento
divvied	divvy
dizzied	dizzy
djinn	djinni
djinn	djinny
dodoes	dodo
dogfishes	dogfish
dogged	dog
dogging	dog
doglegged	dogleg
doglegging	dogleg
dogmata	dogma
dogteeth	dogtooth
dollarfishes	dollarfish
dollied	dolly
domatia	domatium
dominoes	domino
done	do
donned	don
donning	don
dormice	dormouse
dorsa	dorsum
dotted	dot
dotting	dot
dought	dow
dove	dive
drabbed	drab
drabbing	drab
drachmae	drachma
dragged	drag
dragging	drag
drank	drink
drawknives	drawknife
drawn	draw
dreamt	dream
drew	draw
dried	dry
dripped	drip
dripping	drip
drivelled	drivel
drivelling	drivel
driven	drive
dropped	drop
dropping	drop
drosophilae	drosophila
drove	drive
drubbed	drub
drubbing	drub
drugged	drug
drugging	drug
drumfishes	drumfish
drummed	drum
drumming	drum
drunk	drink
dryades	dryad
dubbed	dub
dubbing	dub
duelled	duel
duelling	duel
dug	dig
dui	duo
dulcified	dulcify
dummied	dummy
dunned	dun
dunning	dun
duona	duodenum
duonas	duodenum
dupondii	dupondius
duumviri	duumvir
dwarves	dwarf
dwelt	dwell
dybbukkim	dybbuk
dying	die
easied	easy
eaten	eat
eavesdropped	eavesdrop
eavesdropping	eavesdrop
ecchymoses	ecchymosis
ecclesiae	ecclesia
ecdyses	ecdysis
echidnae	echidna
echini	echinus
echinococci	echinococcus
echoes	echo
ectozoa	ectozoan
eddied	eddy
eddoes	eddo
edemata	edema
edified	edify
effluvia	effluvium
ego-tripped	ego-trip
ego-tripping	ego-trip
eidola	eidolon
eisegeses	eisegesis
eisteddfodau	eisteddfod
electrified	electrify
elenchi	elenchus
ellipses	ellipsis
eluvia	eluvium
elves	elf
elytra	elytron
elytra	elytrum
embargoes	embargo
embedded	embed
embedding	embed
embodied	embody
emboli	embolus
embussed	embus
embusses	embus
embussing	embus
emitted	emit
emitting	emit
empanelled	empanel
empanelling	empanel
emphases	emphasis
emporia	emporium
emptied	empty
emulsified	emulsify
enamelled	enamel
enamelling	enamel
enarthroses	enarthrosis
encephala	encephalon
encephalitides	encephalitis
encephalomata	encephaloma
enchiridia	enchiridion
enchondromata	enchondroma
encomia	encomium
endamebae	endameba
endamoebae	endamoeba
endocardia	endocardium
endocrania	endocranium
endometria	endometrium
endostea	endosteum
endostoses	endostosis
endothecia	endothecium
endothelia	endothelium
endotheliomata	endothelioma
endozoa	endozoan
enemata	enema
englutted	englut
englutting	englut
enneahedra	enneahedron
enrolled	enrol
enrolled	enroll
enrolling	enrol
enrolling	enroll
entamebae	entameba
entamoebae	entamoeba
entases	entasis
entera	enteron
enthralled	enthral
enthralled	enthrall
enthralling	enthral
enthralling	enthrall
entia	ens
entozoa	entozoan
entozoa	entozoon
entrammelled	entrammel
entrammelling	entrammel
entrapped	entrap
entrapping	entrap
envied	envy
enwound	enwind
enwrapped	enwrap
enwrapping	enwrap
epencephala	epencephalon
epentheses	epenthesis
epexegeses	epexegesis
ephemera	ephemeron
ephemerae	ephemera
ephemerides	ephemeris
ephori	ephor
epicalyces	epicalyx
epicanthi	epicanthus
epicardia	epicardium
epicedia	epicedium
epicleses	epiclesis
epididymides	epididymis
epigastria	epigastrium
epiglottides	epiglottis
epimysia	epimysium
epiphenomena	epiphenomenon
epiphyses	epiphysis
episterna	episternum
epithalamia	epithalamion
epithalamia	epithalamium
epithelia	epithelium
epitheliomata	epithelioma
epizoa	epizoan
epizoa	epizoon
epyllia	epyllion
equalled	equal
equalling	equal
equilibria	equilibrium
equipped	equip
equipping	equip
equiseta	equisetum
eringoes	eringo
errata	erratum
eryngoes	eryngo
esophagi	esophagus
espied	espy
esterified	esterify
estopped	estop
estopping	estop
etherified	etherify
etyma	etymon
eucalypti	eucalyptus
eupatridae	eupatrid
euripi	euripus
exanthemata	exanthema
excelled	excel
excelling	excel
executrices	executrix
exegeses	exegesis
exempla	exemplum
exemplified	exemplify
exordia	exordium
exostoses	exostosis
expelled	expel
expelling	expel
extolled	extol
extolled	extoll
extolling	extol
extolling	extoll
extrema	extremum
eyeteeth	eyetooth
fabliaux	fabliau
facetted	facet
facetting	facet
faciae	facia
faculae	facula
fagged	fag
fagging	fag
fallen	fall
fallfishes	fallfish
falsified	falsify
famuli	famulus
fancied	fancy
fanned	fan
fanning	fan
fantasied	fantasy
farmers-general	farmer-general
farragoes	farrago
fasciae	fascia
fasciculi	fasciculus
fathers-in-law	father-in-law
fatsoes	fatso
fatted	fat
fatting	fat
faunae	fauna
featherbedded	featherbed
featherbedding	featherbed
feculae	fecula
fed	feed
fedayeen	fedayee
feed	fee
feet	foot
fell	fall
fellaheen	fellah
fellahin	fellah
felones de se	felo de se
felos de se	felo de se
felt	feel
femora	femur
fenestellae	fenestella
fenestrae	fenestra
feriae	feria
fermate	fermata
ferried	ferry
ferulae	ferula
festschriften	festschrift
fetiales	fetial
fezzes	fez
fiascoes	fiasco
fibbed	fib
fibbing	fib
fibrillae	fibrilla
fibromata	fibroma
fibulae	fibula
ficoes	fico
fideicommissa	fideicommissum
fieldmice	fieldmouse
figged	fig
figging	fig
figs.	fig.
fila	filum
filariiae	filaria
filefishes	filefish
filled up	fill up
fimbriae	fimbria
fine-drawn	fine-draw
fine-drew	fine-draw
finned	fin
finning	fin
fishes	fish
fishwives	fishwife
fistulae	fistula
fitted	fit
fitting	fit
flabella	flabellum
flagella	flagellum
flagged	flag
flagging	flag
flagstaves	flagstaff
flambeaux	flambeau
flamines	flamen
flamingoes	flamingo
flammed	flam
flamming	flam
flannelled	flannel
flannelling	flannel
flapped	flap
flapping	flap
flatfeet	flatfoot
flatfishes	flatfish
flatted	flat
flatting	flat
fled	flee
fleurs-de-lis	fleur-de-lis
fleurs-de-lys	fleur-de-lys
flew	fly
flights of stairs	flight of stairs
flimflammed	flimflam
flimflamming	flimflam
flip-flopped	flip-flop
flip-flopping	flip-flop
flipped	flip
flipping	flip
flitted	flit
flittermice	flittermouse
flitting	flit
flocci	floccus
flocculi	flocculus
flogged	flog
flogging	flog
floodlit	floodlight
flopped	flop
flopping	flop
florae	flora
floreant.	floreat
florilegia	florilegium
flowers-de-luce	flower-de-luce
flown	fly
flubbed	flub
flubbing	flub
flung	fling
flurried	flurry
flyblew	flyblow
flyblown	flyblow
flyleaves	flyleaf
fobbed	fob
fobbing	fob
foci	focus
fogged	fog
fogging	fog
folia	folium
footslogged	footslog
footslogging	footslog
fora	forum
foramina	foramen
forbad	forbid
forbade	forbid
forbidden	forbid
forbidding	forbid
forbore	forbear
forborne	forbear
force-fed	force-feed
fordid	fordo
fordone	fordo
foredid	foredo
foredone	foredo
forefeet	forefoot
foregone	forego
foreknew	foreknow
foreknown	foreknow
foreran	forerun
forerunning	forerun
foresaw	foresee
foreseen	foresee
foreshown	foreshow
forespoke	forespeak
forespoken	forespeak
foreteeth	foretooth
foretold	foretell
forewent	forego
forgave	forgive
forgetting	forget
forgiven	forgive
forgone	forgo
forgot	forget
forgotten	forget
formatted	format
formatting	format
formicaria	formicarium
formulae	formula
fornices	fornix
forsaken	forsake
forsook	forsake
forspoke	forspeak
forspoken	forspeak
forswore	forswear
forsworn	forswear
fortes	fortis
fortified	fortify
forwent	forgo
fossae	fossa
fought	fight
found	find
foveae	fovea
foveolae	foveola
foxtrotted	foxtrot
foxtrotting	foxtrot
fractocumuli	fractocumulus
fractostrati	fractostratus
fraena	fraenum
frapped	frap
frapping	frap
frauen	frau
freeze-dried	freeze-dry
frena	frenum
frenchified	frenchify
frenula	frenulum
frenzied	frenzy
frescoes	fresco
fretted	fret
fretting	fret
fricandeaux	fricandeau
fricandoes	fricando
fried	fry
frigged	frig
frigging	frig
frijoles	frijol
fritted	frit
fritted	fritt
fritting	frit
fritting	fritt
frivolled	frivol
frivolling	frivol
frogfishes	frogfish
frogged	frog
frogging	frog
frolicked	frolic
frolicking	frolic
frontes	frons
froze	freeze
frozen	freeze
fructified	fructify
frusta	frustum
fuci	fucus
fuelled	fuel
fuelling	fuel
fulcra	fulcrum
fulfilled	fulfil
fulfilled	fulfill
fulfilling	fulfil
fulfilling	fulfill
fumatoria	fumatorium
fundi	fundus
fungi	fungus
funiculi	funiculus
funned	fun
funnelled	funnel
funnelling	funnel
funning	fun
furcula	furculum
furculae	furcula
furfures	furfur
furred	fur
furring	fur
gadded	gad
gadding	gad
gagged	gag
gagging	gag
gainsaid	gainsay
galeae	galea
gambadoes	gambado
gambolled	gambol
gambolling	gambol
gametangia	gametangium
gametoecia	gametoecium
gammadia	gammadion
gammed	gam
gamming	gam
gan	gin
ganglia	ganglion
ganned	gan
ganning	gan
gapped	gap
gapping	gap
garfishes	garfish
gasified	gasify
gassed	gas
gasses	gas
gassing	gas
gastrulae	gastrula
gateaux	gateau
gave	give
gazeboes	gazebo
geckoes	gecko
geese	goose
gelled	gel
gelling	gel
gelsemia	gelsemium
gelt	geld
gemboks	gemsbok
gembucks	gemsbuck
gemeinschaften	gemeinschaft
gemmae	gemma
gemmed	gem
gemming	gem
genera	genus
generatrices	generatrix
geneses	genesis
genii	genius
genned-up	gen-up
genning-up	gen-up
gens-up	gen-up
gentes	gens
gentlemen-at-arms	gentleman-at-arms
gentlemen-farmers	gentleman-farmer
genua	genu
germina	germen
gesellschaften	gesellschaft
gestalten	gestalt
gets lost	get lost
gets started	get started
getting	get
getting lost	get lost
getting started	get started
ghettoes	ghetto
ghostwritten	ghostwrite
ghostwrote	ghostwrite
gibbed	gib
gibbing	gib
giddied	giddy
giftwrapped	giftwrap
giftwrapping	giftwrap
gigged	gig
gigging	gig
gilt	gild
gingivae	gingiva
gingkoes	gingko
ginglymi	ginglymus
ginkgoes	ginkgo
ginned	gin
ginning	gin
gipped	gip
gipping	gip
gippoes	gippo
girt	gird
given	give
glabellae	glabella
gladioli	gladiolus
glandes	glans
gliomata	glioma
glissandi	glissando
globefishes	globefish
globigerinae	globigerina
glochidcia	glochidium
glochidia	glochidium
glomeruli	glomerulus
glommed	glom
glomming	glom
gloried	glory
glorified	glorify
glossae	glossa
glottides	glottis
glutaei	glutaeus
glutei	gluteus
glutted	glut
glutting	glut
gnawn	gnaw
gnoses	gnosis
goatfishes	goatfish
goboes	gobo
godchildren	godchild
goes	go
goes deep	go deep
going deep	go deep
goings-over	going-over
goldfishes	goldfish
gollied	golly
gomphoses	gomphosis
gone	go
gone deep	go deep
gonia	gonion
gonidia	gonidium
gonococci	gonococcus
goodwives	goodwife
goose-stepped	goose-step
goose-stepping	goose-step
goosefishes	goosefish
gorgoneia	gorgoneion
gospopoda	gospodin
got	get
got lost	get lost
got started	get started
gotten	get
gotten lost	get lost
governors general	governor general
goyim	goy
grabbed	grab
grabbing	grab
grafen	graf
graffiti	graffito
grandchildren	grandchild
grants-in-aid	grant-in-aid
granulomata	granuloma
gratified	gratify
gravamina	gravamen
gravelled	gravel
gravelling	gravel
graven	grave
grew	grow
grig-gris	gris-gris
grinned	grin
grinning	grin
gripped	grip
gripping	grip
gript	grip
gritted	grit
gritting	grit
groszy	grosz
grottoes	grotto
ground	grind
grovelled	grovel
grovelling	grovel
grown	grow
grubbed	grub
grubbing	grub
guarantied	guaranty
guilder	guilde
guilders	guilde
guilders	guilder
guitarfishes	guitarfish
gullied	gully
gummata	gumma
gummed	gum
gumming	gum
gunned	gun
gunning	gun
gurnard	gurnar
gurnards	gurnar
gurnards	gurnard
guttae	gutta
gymnasia	gymnasium
gynaecea	gynaeceum
gynaecia	gynaecium
gynecea	gynecium
gynecia	gynecium
gynoecea	gynoecium
gynoecia	gynoecium
gypped	gyp
gypping	gyp
gyri	gyrus
hacksawn	hacksaw
had	have
had a feeling	have a feeling
had left	have left
had the feeling	have the feeling
hadarim	heder
hadjes	hadj
haematolyses	haematolysis
haematomata	haematoma
haematozoa	haematozoon
haemodialyses	haemodialysis
haemolyses	haemolysis
haemoptyses	haemoptysis
haeredes	haeres
haftaroth	haftarah
hagfishes	hagfish
haggadas	haggada
haggadas	haggadah
haggadoth	haggada
hajjes	hajj
haleru	haler
halfpence	halfpenny
hallot	hallah
halloth	hallah
halluces	hallux
haloes	halo
halteres	halter
halteres	haltere
halves	half
hammed	ham
hamming	ham
hamstrung	hamstring
hamuli	hamulus
hand-knitted	hand-knit
hand-knitting	hand-knit
handfed	handfeed
handicapped	handicap
handicapping	handicap
handselled	handsel
handselling	handsel
hangers-on	hanger-on
haphtaroth	haphtarah
haredim	haredi
harried	harry
haruspices	haruspex
has	have
has a feeling	have a feeling
has left	have left
has the feeling	have the feeling
hasidim	hasid
hassidim	hassid
hatchelled	hatchel
hatchelling	hatchel
hatted	hat
hatting	hat
haustella	haustellum
haustoria	haustorium
having a feeling	have a feeling
having left	have left
having the feeling	have the feeling
hazzanim	hazzan
heard	hear
hectocotyli	hectocotylus
hedgehopped	hedgehop
hedgehopping	hedgehop
heirs-at-law	heir-at-law
held	hold
heldentenore	heldentenor
helices	helix
heliozoa	heliozoan
hematolyses	hematolysis
hematomata	hematoma
hematozoa	hematozoon
hemelytra	hemelytron
hemielytra	hemielytron
hemmed	hem
hemming	hem
hemodialyses	hemodialysis
hemolyses	hemolysis
hemoptyses	hemoptysis
hendecahedra	hendecahedron
hens-and-chickens	hen-and-chickens
heraclidae	heraclid
heraklidae	heraklid
herbaria	herbarium
hermae	herm
hermae	herma
hermai	herma
herniae	hernia
heroes	hero
herren	herr
hetaerae	hetaera
hetairai	hetaira
hewn	hew
hibernacula	hibernaculum
hiccupped	hiccup
hiccupping	hiccup
hid	hide
hidden	hide
hieracosphinges	hieracosphinx
high-hatted	high-hat
high-hatting	high-hat
hila	hilum
hili	hilus
himatia	himation
hinnied	hinny
hippocampi	hippocampus
hippopotami	hippopotamus
hitting	hit
hobbed	hob
hobbing	hob
hobnobbed	hobnob
hobnobbing	hobnob
hoboes	hobo
hocus-pocussed	hocus-pocus
hocus-pocussing	hocus-pocus
hocussed	hocus
hocussing	hocus
hogfishes	hogfish
hogged	hog
hogging	hog
hogtying	hogtie
homunculi	homunculus
honied	honey
honoraria	honorarium
hooves	hoof
hopped	hop
hopping	hop
horologia	horologium
horrified	horrify
horsewhipped	horsewhip
horsewhipping	horsewhip
houselled	housel
houselling	housel
houses of cards	house of cards
housewives	housewife
hove	heave
hovelled	hovel
hovelling	hovel
hugged	hug
hugging	hug
humbugged	humbug
humbugging	humbug
humeri	humerus
humidified	humidify
hummed	hum
humming	hum
hung	hang
hurried	hurry
hydrae	hydra
hydromedusae	hydromedusa
hydrozoa	hydrozoan
hymenoptera	hymenopteran
hynia	hymenium
hyniums	hymenium
hypanthia	hypanthium
hyperostoses	hyperostosis
hypertrophied	hypertrophy
hyphae	hypha
hypnoses	hypnosis
hypochondria	hypochondrium
hypogastria	hypogastrium
hypogea	hypogeum
hypophyses	hypophysis
hypostases	hypostasis
hypothalami	hypothalamus
hypotheses	hypothesis
hyraces	hyrax
iambi	iamb
ibices	ibex
ibo	igbo
ichthyosauri	ichthyosaurus
ichthyosauruses	ichthyosaur
ichthyosauruses	ichthyosaurus
iconostases	iconostas
iconostases	iconostasis
icosahedra	icosahedron
ideata	ideatum
identified	identify
igorrorote	igorrote
ilia	ilium
imagines	imago
imagoes	imago
imbedded	imbed
imbedding	imbed
impanelled	impanel
impanelling	impanel
impelled	impel
impelling	impel
imperia	imperium
impies	impi
implied	imply
inbred	inbreed
incubi	incubus
incudes	incus
incurred	incur
incurring	incur
indemnified	indemnify
indices	index
indigoes	indigo
indumenta	indumentum
indusia	indusium
indwelt	indwell
inferred	infer
inferring	infer
infundibula	infundibulum
ingushes	ingush
initialled	initial
initialling	initial
inlaid	inlay
innuendoes	innuendo
inocula	inoculum
inquisitors-general	inquisitor-general
insectaria	insectarium
insetting	inset
inspanned	inspan
inspanning	inspan
installed	instal
installed	install
installing	instal
installing	install
insulae	insula
intagli	intaglio
intensified	intensify
interbred	interbreed
intercropped	intercrop
intercropping	intercrop
intercutting	intercut
interlaid	interlay
interlapped	interlap
interlapping	interlap
interleaves	interleaf
intermarried	intermarry
intermezzi	intermezzo
intermitted	intermit
intermitting	intermit
interpled	interplead
interred	inter
interreges	interrex
interregna	interregnum
interring	inter
interstratified	interstratify
interwove	interweave
interwoven	interweave
intimae	intima
intromitted	intromit
intromitting	intromit
involucella	involucellum
involucra	involucrum
inwove	inweave
inwoven	inweave
inwrapped	inwrap
inwrapping	inwrap
irides	iris
is	be
ischia	ischium
isthmi	isthmus
jabbed	jab
jabbing	jab
jackeroos	jackaroo
jackeroos	jackeroo
jackfishes	jackfish
jackknives	jackknife
jacks-in-the-box	jack-in-the-box
jagged	jag
jagging	jag
jambeaux	jambeau
jammed	jam
jamming	jam
japanned	japan
japanning	japan
jarred	jar
jarring	jar
jellied	jelly
jellified	jellify
jellyfishes	jellyfish
jemmied	jemmy
jerry-built	jerry-build
jetted	jet
jetting	jet
jewelfishes	jewelfish
jewelled	jewel
jewelling	jewel
jewfishes	jewfish
jibbed	jib
jibbing	jib
jigged	jig
jigging	jig
jimmied	jimmy
jingoes	jingo
jinn	jinni
jitterbugged	jitterbug
jitterbugging	jitterbug
jobbed	job
jobbing	job
joes	jo
joes	joe
jog-trotted	jog-trot
jog-trotting	jog-trot
jogged	jog
jogging	jog
joined battle	join battle
joined forces	join forces
joining battle	join battle
joining forces	join forces
joins battle	join battle
joins forces	join forces
jollied	jolly
jollified	jollify
jotted	jot
jotting	jot
joy-ridden	joy-ride
joy-rode	joy-ride
joypopped	joypop
joypopping	joypop
judge advocates general	judge advocate general
jugged	jug
jugging	jug
jumped off	jump off
jumping off	jump off
jumps off	jump off
jura	jus
justified	justify
jutted	jut
jutting	jut
kaddishim	kaddish
kalmuck	kalmuc
kalmucks	kalmuc
kalmucks	kalmuck
katabases	katabasis
keeshonden	keeshond
kenned	ken
kennelled	kennel
kennelling	kennel
kenning	ken
kent	ken
kept	keep
kernelled	kernel
kernelling	kernel
kibbutzim	kibbutz
kidded	kid
kidding	kid
kidnapped	kidnap
kidnapping	kidnap
killifishes	killifish
kingfishes	kingfish
kings-of-arms	king-of-arms
kipped	kip
kipping	kip
knapped	knap
knapping	knap
kneecapped	kneecap
kneecapping	kneecap
knelt	kneel
knew	know
knights bachelor	knight bachelor
knights bachelors	knight bachelor
knights templar	knight templar
knights templars	knight templar
knitted	knit
knitting	knit
knives	knife
knobbed	knob
knobbing	knob
knotted	knot
knotting	knot
known	know
ko'd	ko
ko'ing	ko
ko's	ko
kohlrabies	kohlrabi
kronen	krone
kroner	krone
kronur	krona
krooni	kroon
kylikes	kylix
labara	labarum
labella	labellum
labelled	label
labelling	label
labia	labium
labra	labrum
lactobacilli	lactobacillus
lacunae	lacuna
lacunaria	lacunar
laden	lade
ladies-in-waiting	lady-in-waiting
ladyfied	ladify
ladyfies	ladify
ladyfying	ladify
lagged	lag
lagging	lag
laid	lay
lain	lie
lallygagged	lallygag
lallygagging	lallygag
lamellae	lamella
lamiae	lamia
laminae	lamina
lammed	lam
lamming	lam
lapidified	lapidify
lapilli	lapillus
lapithae	lapith
lapped	lap
lapping	lap
larvae	larva
larynges	larynx
lassoes	lasso
lati	lat
latices	latex
latifundia	latifundium
latu	lat
laurelled	laurel
laurelling	laurel
lavaboes	lavabo
lay	lie
layed for	lie for
laying for	lie for
lays for	lie for
leant	lean
leapfrogged	leapfrog
leapfrogging	leapfrog
leapt	leap
learnt	learn
leaves	leaf
leaves	leave
leaves undone	leave undone
leaving undone	leave undone
lecythi	lecythus
led	lead
left	leave
left undone	leave undone
leges	lex
lei	leu
lemmata	lemma
lemnisci	lemniscus
lenes	lenis
lent	lend
lentigines	lentigo
leonides	leonid
lepidoptera	lepidopteran
leprosaria	leprosarium
lepta	lepton
leptocephali	leptocephalus
letting	let
leucocytozoa	leucocytozoan
leva	lev
levelled	level
levelling	level
levied	levy
libelled	libel
libelling	libel
librae	libra
libretti	libretto
lice	louse
lieder	lied
lignified	lignify
ligulae	ligula
limbi	limbus
limina	limen
limites	limes
limuli	limulus
lingoes	lingo
linguae	lingua
linguae francae	lingua franca
lionfishes	lionfish
lipomata	lipoma
lipped	lip
lipping	lip
liquefied	liquefy
liquified	liquify
lire	lira
liriodendra	liriodendron
lisente	sente
listente	sente
lit	light
litai	lit
litai	litas
litu	litas
lives	life
lixivia	lixivium
loaves	loaf
lobbed	lob
lobbied	lobby
lobbing	lob
loci	locus
loculi	loculus
logged	log
loggie	loggia
logging	log
logia	logion
lomenta	lomentum
longobardi	longobard
looked towards	look towards
looking towards	look towards
looks towards	look towards
lopped	lop
lopping	lop
loricae	lorica
lost	lose
lotted	lot
lotting	lot
loups-garous	loup-garou
lubritoria	lubritorium
lugged	lug
lugging	lug
lullabied	lullaby
lumbus	lumbi
lumina	lumen
lumpfishes	lumpfish
lungfishes	lungfish
lunulae	lunula
lures	lur
lures	lure
lustra	lustre
lying	lie
lyings-in	lying-in
lymphangitides	lymphangitis
lymphomata	lymphoma
lymphopoieses	lymphopoiesis
lyses	lysis
lyttae	lytta
maare	maar
macaronies	macaroni
maccaronies	maccaroni
machine-gunned	machine-gun
machine-gunning	machine-gun
machzorim	machzor
macronuclei	macronucleus
macrosporangia	macrosporangium
maculae	macula
madded	mad
madding	mad
made	make
madornos	madrono
maestri	maestro
mafiosi	mafioso
magi	magus
magmata	magma
magnificoes	magnifico
magnified	magnify
mahzorim	mahzor
major axes	major axis
major-axes	major axis
makuta	likuta
mallei	malleus
malleoli	malleolus
maloti	loti
mamillae	mamilla
mammae	mamma
mammillae	mammilla
mandingoes	mandingo
mangoes	mango
manifestoes	manifesto
manned	man
manning	man
manteaux	manteau
mantes	mantis
manubria	manubrium
manumitted	manumit
manumitting	manumit
mapped	map
mapping	map
marcelled	marcel
marcelling	marcel
marchese	marchesa
marchesi	marchese
maremme	maremma
markkaa	markka
marred	mar
married	marry
marring	mar
marshalled	marshal
marshalling	marshal
marsupia	marsupium
marvelled	marvel
marvelling	marvel
marvels-of-peru	marvel-of-peru
mass media	mass medium
masses	mass
masses	masse
masters-at-arms	master-at-arms
matrices	matrix
matted	mat
matting	mat
matzoth	matzo
mausolea	mausoleum
maxillae	maxilla
maxima	maximum
meant	mean
medalled	medal
medalling	medal
media	medium
mediae	media
mediastina	mediastinum
medullae	medulla
medullae oblongatae	medulla oblongata
medusae	medusa
megara	megaron
megasporangia	megasporangium
megilloth	megillah
meioses	meiosis
melanomata	melanoma
melismata	melisma
mementoes	memento
memoranda	memorandum
men	man
men of letters	man of letters
men-at-arms	man-at-arms
men-o'-war	man-of-war
men-of-war	man-of-war
menisci	meniscus
menservants	manservant
menstrua	menstruum
mesdames	madame
mesdemoiselles	mademoiselle
mesentera	mesenteron
mesothoraces	mesothorax
messeigneurs	monseigneur
messieurs	monsieur
mestizoes	mestizo
met	meet
metacarpi	metacarpus
metalled	metal
metalling	metal
metamorphoses	metamorphosis
metanephroi	metanephros
metastases	metastasis
metatarsi	metatarsus
metatheses	metathesis
metathoraces	metathorax
metazoa	metazoan
metempsychoses	metempsychosis
metencephala	metencephalon
metrified	metrify
mezuzoth	mezuzah
miasmata	miasma
mice	mouse
microanalyses	microanalysis
micrococci	micrococcus
micronuclei	micronucleus
microsporangia	microsporangium
midrashim	midrash
midwives	midwife
might	may
milia	milium
milieux	milieu
militated against	militate against
militates against	militate against
militating against	militate against
milkfishes	milkfish
millennia	millennium
mimicked	mimic
mimicking	mimic
minae	mina
minified	minify
minima	minimum
ministeria	ministerium
minutiae	minutia
minyanim	minyan
mioses	miosis
miracidia	miracidium
miri	mir
misapplied	misapply
misbecame	misbecome
miscarried	miscarry
misdealt	misdeal
misfitted	misfit
misfitting	misfit
misgave	misgive
misgiven	misgive
mishitting	mishit
mishnayoth	mishna
mishnayoth	mishnah
mislaid	mislay
misled	mislead
mispled	misplead
misspelt	misspell
misspent	misspend
mistaken	mistake
mistook	mistake
misunderstood	misunderstand
mitochondria	mitochondrion
mitzvoth	mitzvah
mobbed	mob
mobbing	mob
modelled	model
modelling	model
modified	modify
modioli	modiolus
moduli	modulus
mollified	mollify
molten	melt
momenta	momentum
moments of truth	moment of truth
momi	momus
monades	monad
monades	monas
monkfishes	monkfish
monochasia	monochasium
monopodia	monopodium
monoptera	monopteron
monopteroi	monopteros
monsignori	monsignor
monts-de-piete	mont-de-piete
mooncalves	mooncalf
moonfishes	moonfish
mopped	mop
mopping	mop
morae	mora
moratoria	moratorium
morceaux	morceau
morescoes	moresco
moriscoes	morisco
morphallaxes	morphallaxis
morphoses	morphosis
morses	mors
morses	morse
mortified	mortify
morulae	morula
mosasauri	mosasaurus
moshavim	moshav
moslim	moslem
moslims	moslem
mosquitoes	mosquito
mothers superior	mother superior
mothers-in-law	mother-in-law
mottoes	motto
movers and shakers	mover and shaker
mown	mow
mucosae	mucosa
mucrones	mucro
mudded	mud
muddied	muddy
mudding	mud
mudejares	mudejar
mudfishes	mudfish
mugged	mug
mugging	mug
mulattoes	mulatto
multiparae	multipara
multiplied	multiply
mummed	mum
mummified	mummify
mumming	mum
murices	murex
muskallunge	muskellunge
mutinied	mutiny
mycelia	mycelium
mycetomata	mycetoma
mycobacteria	mycobacterium
mycorrhizae	mycorrhiza
myelencephala	myelencephalon
myiases	myiasis
myocardia	myocardium
myofibrillae	myofibrilla
myomata	myoma
myoses	myosis
myrmidones	myrmidon
mystified	mystify
mythoi	mythos
myxomata	myxoma
nabbed	nab
nabbing	nab
naevi	naevus
nagged	nag
nagging	nag
naiades	naiad
naoi	naos
napped	nap
napping	nap
narcissi	narcissus
nares	naris
nasopharynges	nasopharynx
natatoria	natatorium
naumachiae	naumachia
nauplii	nauplius
nautili	nautilus
navahoes	navaho
navajoes	navajo
nebulae	nebula
necropoleis	necropolis
needlefishes	needlefish
negrilloes	negrillo
negritoes	negrito
negroes	negro
nemeses	nemesis
nephridia	nephridium
nereides	nereid
netted	net
netting	net
neurohypophyses	neurohypophysis
neuromata	neuroma
neuroptera	neuropteron
neuroses	neurosis
nevi	nevus
nibbed	nib
nibbing	nib
nibelungen	nibelung
nickelled	nickel
nickelling	nickel
nid-nodded	nid-nod
nid-nodding	nid-nod
nidi	nidus
nidified	nidify
nielli	niello
nigrified	nigrify
nimbi	nimbus
nimbostrati	nimbostratus
nipped	nip
nipping	nip
nitrified	nitrify
noctilucae	noctiluca
nodded	nod
nodding	nod
nodi	nodus
noes	no
nomina	nomen
non-prossed	non-pros
non-prosses	non-pros
non-prossing	non-pros
nonplussed	nonplus
nonplusses	nonplus
nonplussing	nonplus
nota	notum
notified	notify
noumena	noumenon
novae	nova
novelle	novella
novenae	novena
nubeculae	nubecula
nucelli	nucellus
nuchae	nucha
nuclei	nucleus
nucleoli	nucleolus
nullified	nullify
nulliparae	nullipara
numbfishes	numbfish
numina	numen
nutted	nut
nutting	nut
nymphae	nympha
oarfishes	oarfish
oases	oasis
obeli	obelus
objectified	objectify
objets d'art	objet d'art
obligati	obligato
oboli	obolus
occipita	occiput
occupied	occupy
occurred	occur
occurring	occur
oceanaria	oceanarium
oceanides	oceanid
ocelli	ocellus
ochreae	ochrea
ocreae	ochrea
ocreae	ocrea
octahedra	octahedron
octopi	octopus
oculi	oculus
odea	odeum
oedemata	edema
oedemata	oedema
oesophagi	esophagus
oesophagi	oesophagus
offsetting	offset
oldwives	oldwife
olea	oleum
omasa	omasum
omayyades	omayyad
omenta	omentum
omitted	omit
omitting	omit
ommatidia	ommatidium
ommiades	ommiad
onagri	onager
oogonia	oogonium
oothecae	ootheca
operas seria	opera seria
opercula	operculum
optic axes	optic axis
optima	optimum
ora	os
organa	organon
organa	organum
organums	organa
organums	organum
orthoptera	orthopteron
osar	os
oscula	osculum
ossa	os
ossified	ossify
osteomata	osteoma
ostia	ostium
ottomans	othman
ottomans	ottoman
outbidden	outbid
outbidding	outbid
outbred	outbreed
outcried	outcry
outcropped	outcrop
outcropping	outcrop
outdid	outdo
outdone	outdo
outdrawn	outdraw
outdrew	outdraw
outfitted	outfit
outfitting	outfit
outfought	outfight
outgassed	outgas
outgasses	outgas
outgassing	outgas
outgeneralled	outgeneral
outgeneralling	outgeneral
outgone	outgo
outgrew	outgrow
outgrown	outgrow
outlaid	outlay
outmanned	outman
outmanning	outman
outputted	output
outputting	output
outran	outrun
outridden	outride
outrode	outride
outrunning	outrun
outshone	outshine
outshot	outshoot
outsold	outsell
outspanned	outspan
outspanning	outspan
outstood	outstand
outstripped	outstrip
outstripping	outstrip
outthought	outthink
outwent	outgo
outwitted	outwit
outwitting	outwit
outwore	outwear
outworn	outwear
ova	ovum
overbidden	overbid
overbidding	overbid
overblew	overblow
overblown	overblow
overbore	overbear
overborne	overbear
overbuilt	overbuild
overcame	overcome
overcropped	overcrop
overcropping	overcrop
overdid	overdo
overdone	overdo
overdrawn	overdraw
overdrew	overdraw
overdriven	overdrive
overdrove	overdrive
overflew	overfly
overflown	overflow
overflown	overfly
overgrew	overgrow
overgrown	overgrow
overheard	overhear
overhung	overhang
overlaid	overlay
overlain	overlie
overlapped	overlap
overlapping	overlap
overlay	overlie
overlying	overlie
overmanned	overman
overmanning	overman
overpaid	overpay
overpast	overpass
overran	overrun
overridden	override
overrode	override
overrunning	overrun
oversaw	oversee
overseen	oversee
oversetting	overset
oversewn	oversew
overshot	overshoot
oversimplified	oversimplify
overslept	oversleep
oversold	oversell
overspent	overspend
overspilt	overspill
overstepped	overstep
overstepping	overstep
overtaken	overtake
overthrew	overthrow
overthrown	overthrow
overtook	overtake
overtopped	overtop
overtopping	overtop
overwound	overwind
overwritten	overwrite
overwrote	overwrite
ovoli	ovolo
ovotestes	ovotestis
oxen	ox
oxymora	oxymoron
pacified	pacify
padded	pad
padding	pad
paddlefishes	paddlefish
paid	pay
paise	paisa
paleae	palea
palestrae	palestra
palingeneses	palingenesis
palled	pal
pallia	pallium
palling	pal
palmettoes	palmetto
palpi	palpus
palsied	palsy
pancratia	pancratium
pandied	pandy
panelled	panel
panelling	panel
panettoni	panettone
panicked	panic
panicking	panic
panned	pan
panning	pan
paparazzi	paparazzo
paperknives	paperknife
papillae	papilla
papillomata	papilloma
pappi	pappus
papulae	papula
papyri	papyrus
parabases	parabasis
paraleipses	paraleipsis
paraleipses	paralipsis
parallelled	parallel
parallelling	parallel
paralyses	paralysis
paramecia	paramecium
paramenta	parament
paraphyses	paraphysis
parapodia	parapodium
parapraxes	parapraxis
paraselenae	paraselene
parashoth	parashah
parasyntheta	parasyntheton
parazoa	parazoan
parcelled	parcel
parcelling	parcel
parentheses	parenthesis
parerga	parergon
parhelia	parhelion
parietes	paries
paris-mutuels	pari-mutuel
parodied	parody
parried	parry
parrotfishes	parrotfish
partaken	partake
partook	partake
parulides	parulis
pasos dobles	paso doble
pasquil	pasquinade
pasquilled	pasquinade
pasquilling	pasquinade
pasquils	pasquinade
passers-by	passer-by
pastorali	pastorale
patagia	patagium
patellae	patella
patinae	patina
patresfamilias	paterfamilias
patrolled	patrol
patrolling	patrol
patted	pat
patting	pat
pease	pea
peccadilloes	peccadillo
pectines	pecten
pedalled	pedal
pedalling	pedal
pedaloes	pedalo
pedes	pes
pegged	peg
pegging	peg
pekingese	pekinese
pelves	pelvis
pence	penny
pencilled	pencil
pencilling	pencil
penes	penis
penetralium	penetralia
penicillia	penicillium
penknives	penknife
pennae	penna
penned	pen
pennia	penni
penning	pen
pent	pen
pentahedra	pentahedron
pentimenti	pentimento
penumbrae	penumbra
pepla	peplum
pepped	pep
pepping	pep
pericardia	pericardium
perichondria	perichondrium
pericrania	pericranium
peridia	peridium
perigonia	perigonium
perihelia	perihelion
perinea	perineum
perinephria	perinephrium
perionychia	perionychium
periostea	periosteum
periphrases	periphrasis
peristalses	peristalsis
perithecia	perithecium
peritonea	peritoneum
permitted	permit
permitting	permit
personae	persona
personified	personify
petechiae	petechia
petrified	petrify
petted	pet
pettifogged	pettifog
pettifogging	pettifog
petting	pet
pfennige	pfennig
phalanges	phalange
phalanges	phalanx
phalli	phallus
phantasied	phantasy
pharynges	pharynx
phenomena	phenomenon
phi-phenomena	phi-phenomenon
philodendra	philodendron
phlyctenae	phlyctaena
phlyctenae	phlyctena
photocopied	photocopy
photomapped	photomap
photomapping	photomap
photosetting	photoset
phyla	phylum
phylae	phyle
phyllotaxes	phyllotaxis
phylloxerae	phylloxera
phylogeneses	phylogenesis
physicked	physic
physicking	physic
picnicked	picnic
picnicking	picnic
pieds-a-terre	pied-a-terre
pigfishes	pigfish
pigged	pig
pigging	pig
pilea	pileum
pilei	pileus
pilloried	pillory
pinch-hitting	pinch-hit
pineta	pinetum
pinfishes	pinfish
pinkoes	pinko
pinnae	pinna
pinned	pin
pinning	pin
pinnulae	pinnula
pipefishes	pipefish
pipped	pip
pipping	pip
pirogi	pirog
piscinae	piscina
pistol-whipped	pistol-whip
pistol-whipping	pistol-whip
pistolled	pistol
pistolling	pistol
pitapatted	pitapat
pitapatting	pitapat
pithecanthropi	pithecanthropus
pithoi	pithos
pitied	pity
pitted	pit
pitting	pit
placeboes	placebo
placentae	placenta
planetaria	planetarium
planned	plan
planning	plan
planulae	planula
plasmodesmata	plasmodesma
plasmodia	plasmodium
plateaux	plateau
platted	plat
platting	plat
played a part	play a part
playing a part	play a part
plays a part	play a part
plectra	plectron
plectra	plectrum
pled	plead
plena	plenum
pleura	pleuron
pleurae	pleura
plicae	plica
plied	ply
plodded	plod
plodding	plod
plopped	plop
plopping	plop
plotted	plot
plotting	plot
ploughmen	ploughman
ploughmen	plowman
plugged	plug
plugging	plug
pneumobacilli	pneumobacillus
pneumococci	pneumococcus
pocketknives	pocketknife
podded	pod
podding	pod
podetia	podetium
podia	podium
poleis	polis
pollices	pollex
pollinia	pollinium
polychasia	polychasium
polyhedra	polyhedron
polyparia	polyparium
polypi	polypus
polyzoa	polyzoan
polyzoaria	polyzoarium
pommelled	pommel
pommelling	pommel
pontes	pons
pontifices	pontifex
popped	pop
popping	pop
portamenti	portamento
porticoes	portico
portmanteaux	portmanteau
postliminia	postliminium
potatoes	potato
potted	pot
potting	pot
praenomina	praenomen
praxes	praxis
preachified	preachify
precancelled	precancel
precancelling	precancel
predelle	predella
preferred	prefer
preferring	prefer
premaxillae	premaxilla
prenomina	prenomen
preoccupied	preoccupy
prepaid	prepay
prese	presa
presignified	presignify
pretermitted	pretermit
pretermitting	pretermit
prettied	pretty
prettified	prettify
pried	pry
prigged	prig
prigging	prig
primi	primo
primigravidae	primigravida
primiparae	primipara
primmed	prim
primming	prim
primordia	primordium
principia	principium
proboscides	proboscis
proces-verbaux	proces-verbal
prodded	prod
prodding	prod
proglottides	proglottid
proglottides	proglottis
prognoses	prognosis
programmed	program
programmes	program
programming	program
prolegomena	prolegomenon
prolepses	prolepsis
prologed	prologue
prologing	prologue
prologs	prologue
promycelia	promycelium
pronephra	pronephros
pronephroi	pronephros
pronuclei	pronucleus
propelled	propel
propelling	propel
prophesied	prophesy
propositi	propositus
propped	prop
propping	prop
proptoses	proptosis
propyla	propylon
propylaea	propylaeum
proscenia	proscenium
prosencephala	prosencephalon
prostheses	prosthesis
prostomia	prostomium
protases	protasis
prothalamia	prothalamion
prothalamia	prothalamium
prothalli	prothallus
prothallia	prothallium
prothoraces	prothorax
protonemata	protonema
protozoa	protozoan
proven	prove
proventriculi	proventriculus
provisoes	proviso
prytanea	prytaneum
psalteria	psalterium
pseudopodia	pseudopodium
psychoneuroses	psychoneurosis
psychoses	psychosis
pterygia	pterygium
pterylae	pteryla
ptoses	ptosis
pubbed	pub
pubbing	pub
pubes	pubis
pudenda	pudendum
pugged	pug
pugging	pug
puli	pul
pulvilli	pulvillus
pulvini	pulvinus
pummelled	pummel
pummelling	pummel
punchinelloes	punchinello
punned	pun
punning	pun
pupae	pupa
puparia	puparium
pupped	pup
pupping	pup
purified	purify
put-putted	put-put
put-putting	put-put
putamina	putamen
putrefied	putrefy
putti	putto
puttied	putty
putting	put
pycnidia	pycnidium
pygidia	pygidium
pylori	pylorus
pyxides	pyxis
pyxidia	pyxidium
qaddishim	qaddish
quadrennia	quadrennium
quadrigae	quadriga
qualia	quale
qualified	qualify
quanta	quantum
quantified	quantify
quarrelled	quarrel
quarrelling	quarrel
quarried	quarry
quartersawn	quartersaw
quarterstaves	quarterstaff
queried	query
quezales	quezal
quick-froze	quick-freeze
quick-frozen	quick-freeze
quickstepped	quickstep
quickstepping	quickstep
quinquennia	quinquennium
quipped	quip
quipping	quip
quitted	quit
quitting	quit
quizzed	quiz
quizzes	quiz
quizzing	quiz
rabatos	rabato
rabatos	rebato
rabbitfishes	rabbitfish
rachides	rhachis
radices	radix
radii	radius
radulae	radula
ragged	rag
ragging	rag
rallied	rally
ramenta	ramentum
rami	ramus
ramified	ramify
rammed	ram
ramming	ram
ran	run
rang	ring
ranulae	ranula
ranunculi	ranunculus
raphae	raphe
raphides	raphide
raphides	raphis
rapped	rap
rappelled	rappel
rappelling	rappel
rapping	rap
rarefied	rarefy
ratfishes	ratfish
ratified	ratify
ratted	rat
ratting	rat
ravelled	ravel
ravelling	ravel
razor-cutting	razor-cut
re-trod	re-tread
re-trodden	re-tread
reales	real
rearmice	rearmouse
rebelled	rebel
rebelling	rebel
rebuilt	rebuild
rebutted	rebut
rebutting	rebut
recapped	recap
recapping	recap
reclassified	reclassify
recommitted	recommit
recommitting	recommit
recopied	recopy
recta	rectum
recti	rectus
rectified	rectify
rectrices	rectrix
recurred	recur
recurring	recur
red-pencilled	red-pencil
red-pencilling	red-pencil
redded	red
redded	redd
redding	red
redding	redd
redfishes	redfish
rediae	redia
redid	redo
redone	redo
referenda	referendum
referred	refer
referring	refer
refitted	refit
refitting	refit
reft	reave
refuelled	refuel
refuelling	refuel
refugia	refugium
regretted	regret
regretting	regret
reguli	regulus
reheard	rehear
reified	reify
reis	real
relata	relatum
relied	rely
remade	remake
remarried	remarry
remiges	remex
remitted	remit
remitting	remit
rent	rend
repaid	repay
repelled	repel
repelling	repel
replevied	replevy
replied	reply
repotted	repot
repotting	repot
reran	rerun
reremice	rearmouse
reremice	reremouse
rerunning	rerun
resat	resit
reseaux	reseau
resetting	reset
resewn	resew
residua	residuum
resitting	resit
responsa	responsum
retaken	retake
rethought	rethink
retia	rete
retiarii	retiarius
reticula	reticulum
retinacula	retinaculum
retinae	retina
retold	retell
retook	retake
retransmitted	retransmit
retransmitting	retransmit
retried	retry
retrofitted	retrofit
retrofitting	retrofit
retted	ret
retting	ret
reunified	reunify
revelled	revel
revelling	revel
revetted	revet
revetting	revet
revivified	revivify
revved	rev
revving	rev
rewound	rewind
rewritten	rewrite
rewrote	rewrite
rhabdomyomata	rhabdomyoma
rhachides	rhachis
rhachises	rachis
rhachises	rhachis
rhinencephala	rhinencephalon
rhizobia	rhizobium
rhombi	rhombus
rhonchi	rhonchus
rhyta	rhyton
ribbed	rib
ribbing	rib
ribbonfishes	ribbonfish
ricercacari	ricercare
ricercari	ricercare
rickettsiae	rickettsia
ricochetted	ricochet
ricochetting	ricochet
ridded	rid
ridden	ride
ridding	rid
rigged	rig
rigging	rig
rigidified	rigidify
rilievi	rilievo
rimae	rima
rimmed	rim
rimming	rim
ripped	rip
ripping	rip
risen	rise
rivalled	rival
rivalling	rival
riven	rive
robbed	rob
robbing	rob
robes-de-chambre	robe-de-chambre
rockfishes	rockfish
rode	ride
roma	rom
romans-fleuves	roman-fleuve
rondeaux	rondeau
rosaria	rosarium
rose	rise
rosefishes	rosefish
rostella	rostellum
rostra	rostrum
rotted	rot
rotting	rot
rough-dried	rough-dry
rough-hewn	rough-hew
rouleaux	rouleau
rove	reeve
rowelled	rowel
rowelling	rowel
rubbed	rub
rubbing	rub
rugae	ruga
rumina	rumen
rung	ring
runners-up	runner-up
running	run
rutted	rut
rutting	rut
saccharified	saccharify
sacra	sacrum
sacraria	sacrarium
sagged	sag
sagging	sag
saguaros	saguaro
saguaros	sahuaro
said	say
sailfishes	sailfish
salaried	salary
salespeople	salesperson
salified	salify
sallied	sally
salmonellae	salmonella
salpae	salpa
salpinges	salpinx
saltarelli	saltarello
salvoes	salvo
sancta	sanctum
sanctified	sanctify
sandbagged	sandbag
sandbagging	sandbag
sang	sing
sanitaria	sanitarium
sank	sink
santimi	santims
saphenae	saphena
saponified	saponify
sapped	sap
sapping	sap
sarcophagi	sarcophagus
sartorii	sartorius
sassanidae	sassanid
sat	sit
satisfied	satisfy
savvied	savvy
saw	see
sawfishes	sawfish
sawn	saw
scagged	scag
scagging	scag
scaldfishes	scaldfish
scaleni	scalenus
scanned	scan
scanning	scan
scapulae	scapula
scarabaei	scarabaeus
scarified	scarify
scarred	scar
scarring	scar
scarves	scarf
scatted	scat
scatting	scat
schatchonim	schatchen
schatchonim	shadchan
schemata	schema
scherzandi	scherzando
scherzi	scherzo
schmoes	schmo
scholia	scholium
schuln	schul
schutzstaffeln	schutzstaffel
scirrhi	scirrhus
scleromata	scleroma
scleroses	sclerosis
sclerotia	sclerotium
scoleces	scolex
scolices	scolex
scopulae	scopula
scoriae	scoria
scorified	scorify
scotomata	scotoma
scragged	scrag
scragging	scrag
scrammed	scram
scramming	scram
scrapped	scrap
scrapping	scrap
scried	scry
scriptoria	scriptorium
scrota	scrotum
scrubbed	scrub
scrubbing	scrub
scrummed	scrum
scrumming	scrum
scudded	scud
scudding	scud
scudi	scudo
scummed	scum
scumming	scum
scurried	scurry
scuta	scutum
scutella	scutellum
scyphi	scyphus
scyphistomae	scyphistoma
scyphozoa	scyphozoan
secondi	secondo
secretaries-general	secretary-general
seen	see
segni	segno
seleucidae	seleucid
selves	self
senores	senor
sensilla	sensillum
sent	send
senti	sent
senussis	senusi
senussis	senussi
separatrices	separatrix
sephardim	sephardi
septa	septum
septaria	septarium
septennia	septennium
sequelae	sequela
sequestra	sequestrum
sera	serum
seraphim	seraph
sestertia	sestertium
setae	seta
setting	set
sewn	sew
sgraffiti	sgraffito
shabbasim	shabbas
shabbatim	shabbat
shackoes	shacko
shadchanim	shadchan
shadchans	schatchen
shadchans	shadchan
shagged	shag
shagging	shag
shaken	shake
shaken hands	shake hands
shakes hands	shake hands
shaking hands	shake hands
shakoes	shako
shammed	sham
shamming	sham
shammosim	shammas
shammosim	shammes
sharecropped	sharecrop
sharecropping	sharecrop
shat	shit
shaven	shave
sheatfishes	sheatfish
sheaves	sheaf
shedding	shed
shellacked	shellac
shellacking	shellac
shellfishes	shellfish
shelves	shelf
shent	shend
shewn	shew
shied	shy
shikarred	shikar
shikarring	shikar
shillyshallied	shillyshally
shimmed	shim
shimmied	shimmy
shimming	shim
shinleaves	shinleaf
shinned	shin
shinning	shin
shipped	ship
shipping	ship
shitted	shit
shittim	shittah
shitting	shit
shmoes	shmo
shod	shoe
shofroth	shofar
shofroth	shophar
shone	shine
shook	shake
shook hands	shake hands
shophroth	shophar
shopped	shop
shopping	shop
shot	shoot
shotgunned	shotgun
shotgunning	shotgun
shotted	shot
shotting	shot
shovelled	shovel
shovelling	shovel
shown	show
shrank	shrink
shredded	shred
shredding	shred
shrewmice	shrewmouse
shrink-wrapped	shrink-wrap
shrink-wrapping	shrink-wrap
shrivelled	shrivel
shrivelling	shrivel
shriven	shrive
shrove	shrive
shrugged	shrug
shrugging	shrug
shrunk	shrink
shrunken	shrink
shuln	shul
shunned	shun
shunning	shun
shutting	shut
sicked	sic
sicking	sic
siddurim	siddur
sideslipped	sideslip
sideslipping	sideslip
sidestepped	sidestep
sidestepping	sidestep
sightsaw	sightsee
sightseen	sightsee
sigloi	siglos
signalled	signal
signalling	signal
signified	signify
signore	signora
signori	signior
signori	signore
signorine	signorina
silicified	silicify
siliquae	siliqua
silvae	silva
silverfishes	silverfish
simplified	simplify
simulacra	simulacrum
sincipita	sinciput
sinfonie	sinfonia
singing	sing
singing	singe
single-stepped	single-step
single-stepping	single-step
sinned	sin
sinning	sin
sipped	sip
sipping	sip
sisters-in-law	sister-in-law
sistra	sistrum
sitting	sit
situlae	situla
skellied	skelly
skenned	sken
skenning	sken
sketted	sket
sketting	sket
ski'd	ski
skidded	skid
skidding	skid
skimmed	skim
skimming	skim
skin-popped	skin-pop
skin-popping	skin-pop
skinned	skin
skinning	skin
skinny-dipped	skinny-dip
skinny-dipping	skinny-dip
skipped	skip
skipping	skip
skivvied	skivvy
skydove	skydive
slabbed	slab
slabbing	slab
slagged	slag
slagging	slag
slain	slay
slammed	slam
slamming	slam
slapped	slap
slapping	slap
slatted	slat
slatting	slat
sledding	sled
slept	sleep
slew	slay
slid	slide
slidden	slide
slipped	slip
slipping	slip
slitting	slit
slogged	slog
slogging	slog
slopped	slop
slopping	slop
slotted	slot
slotting	slot
slugged	slug
slugging	slug
slummed	slum
slumming	slum
slung	sling
slunk	slink
slurred	slur
slurring	slur
smalti	smalto
smelt	smell
smit	smite
smitten	smite
smote	smite
smutted	smut
smutting	smut
snagged	snag
snagging	snag
snaggleteeth	snaggletooth
snailfishes	snailfish
snapped	snap
snapping	snap
snedded	sned
snedding	sned
snipefishes	snipefish
snipped	snip
snipping	snip
snivelled	snivel
snivelling	snivel
snogged	snog
snogging	snog
snubbed	snub
snubbing	snub
snuck	sneak
snugged	snug
snugging	snug
sobbed	sob
sobbing	sob
socmen	socman
socmen	sokeman
sodded	sod
sodding	sod
soft-pedalled	soft-pedal
soft-pedalling	soft-pedal
sola	solum
solaria	solarium
solatia	solatium
sold	sell
soldi	soldo
solemnified	solemnify
soles	sol
soles	sole
solfeggi	solfeggio
soli	solo
solidi	solidus
solidified	solidify
somata	soma
sons-in-law	son-in-law
soothsaid	soothsay
sopped	sop
sopping	sop
soprani	soprano
sordini	sordino
sori	sorus
soroses	sorosis
sought	seek
sovkhozy	sovkhoz
sown	sow
spadefishes	spadefish
spadices	spadix
spagged	spag
spagging	spag
spancelled	spancel
spancelling	spancel
spanned	span
spanning	span
sparred	spar
sparring	spar
spat	spit
spatted	spat
spatting	spat
spearfishes	spearfish
specified	specify
spectra	spectrum
specula	speculum
sped	speed
speechified	speechify
spellbound	spellbind
spelt	spell
spent	spend
spermatia	spermatium
spermatogonia	spermatogonium
spermatozoa	spermatozoon
spermogonia	spermogonium
sphinges	sphinx
spicae	spica
spicula	spiculum
spied	spy
spilt	spill
spin-dried	spin-dry
spinning	spin
spiralled	spiral
spiralling	spiral
spirilla	spirillum
spitted	spit
spitting	spit
splayfeet	splayfoot
splenii	splenius
splitting	split
spoilt	spoil
spoke	speak
spoken	speak
spoon-fed	spoon-feed
sporangia	sporangium
sporogonia	sporogonium
sporozoa	sporozoan
spotlit	spotlight
spotted	spot
spotting	spot
sprang	spring
sprigged	sprig
sprigging	sprig
springhase	springhaas
sprung	spring
spudded	spud
spudding	spud
spumoni	spumone
spun	spin
spurred	spur
spurring	spur
sputa	sputum
squamae	squama
squashes	squash
squatted	squat
squatting	squat
squibbed	squib
squibbing	squib
squidded	squid
squidding	squid
squilgee	squeegee
squillae	squilla
squirrelfishes	squirrelfish
squizzes	squiz
stabbed	stab
stabbing	stab
stadia	stadium
stall-fed	stall-feed
stamina	stamen
staminodia	staminodium
stank	stink
stapedes	stapes
staphylococci	staphylococcus
staretsy	starets
starfishes	starfish
starred	star
starring	star
startsy	starets
steadied	steady
stelae	stele
stellified	stellify
stemmata	stemma
stemmed	stem
stemming	stem
stems from	stem from
stencilled	stencil
stencilling	stencil
stenoses	stenosis
stepchildren	stepchild
stepped	step
stepping	step
sterna	sternum
stetted	stet
stetting	stet
stied	sty
stigmata	stigma
stilettoeing	stiletto
stimuli	stimulus
stipites	stipes
stirpes	stirps
stirred	stir
stirring	stir
stoae	stoa
stockfishes	stockfish
stole	steal
stolen	steal
stomata	stoma
stomodaea	stomodaeum
stomodea	stomodeum
stonefishes	stonefish
stood	stand
stopped	stop
stopping	stop
storied	story
stotinki	stotinka
stotkini	stotinka
stotted	stot
stotting	stot
stove	stave
strappadoes	strappado
strapped	strap
strapping	strap
strata	stratum
strati	stratus
stratified	stratify
stratocumuli	stratocumulus
street children	street child
streptococci	streptococcus
stretti	stretto
strewn	strew
striae	stria
stridden	stride
stripped	strip
stripping	strip
striven	strive
strobili	strobilus
strode	stride
stromata	stroma
stropped	strop
stropping	strop
strove	strive
strown	strow
struck	strike
strumae	struma
strummed	strum
strumming	strum
strung	string
strutted	strut
strutting	strut
stubbed	stub
stubbing	stub
stuccoes	stucco
stuck	stick
studded	stud
studding	stud
studied	study
stultified	stultify
stummed	stum
stumming	stum
stung	sting
stunk	stink
stunned	stun
stunning	stun
stupefied	stupefy
styli	stylus
stylopes	stylops
stylopodia	stylopodium
stymying	stymie
subbed	sub
subbing	sub
subcortices	subcortex
subdeliria	subdelirium
subgenera	subgenus
subindices	subindex
subjectified	subjectify
subletting	sublet
submitted	submit
submitting	submit
submucosae	submucosa
subphyla	subphylum
substrasta	substratum
subtotalled	subtotal
subtotalling	subtotal
succedanea	succedaneum
succubi	succubus
suckerfishes	suckerfish
suckfishes	suckfish
sudaria	sudarium
sudatoria	sudatorium
sulci	sulcus
sullied	sully
sulphuretted	sulphuret
sulphuretting	sulphuret
summae	summa
summed	sum
summing	sum
sunfishes	sunfish
sung	sing
sunk	sink
sunken	sink
sunned	sun
sunning	sun
supercargoes	supercargo
superheroes	superhero
supernovae	supernova
superstrata	superstratum
supped	sup
supping	sup
supplied	supply
surgeonfishes	surgeonfish
swabbed	swab
swabbing	swab
swagged	swag
swagging	swag
swam	swim
swamies	swami
swapped	swap
swapping	swap
swatted	swat
swatting	swat
sweetiewives	sweetiewife
swellfishes	swellfish
swept	sweep
swigged	swig
swigging	swig
swimming	swim
swivelled	swivel
swivelling	swivel
swollen	swell
swopped	swap
swopping	swap
swops	swap
swordfishes	swordfish
swore	swear
sworn	swear
swotted	swot
swotting	swot
swum	swim
swung	swing
syconia	syconium
syllabi	syllabus
syllabified	syllabify
syllepses	syllepsis
symbolled	symbol
symbolling	symbol
symphyses	symphysis
sympodia	sympodium
symposia	symposium
synapses	synapsis
synarthroses	synarthrosis
synclinoria	synclinorium
syncytia	syncytium
syndesmoses	syndesmosis
synopses	synopsis
syntagmata	syntagma
syntheses	synthesis
syphilomata	syphiloma
syringes	syrinx
syssarcoses	syssarcosis
tabbed	tab
tabbing	tab
tableaux	tableau
taeniae	taenia
taeniae	tenia
tagged	tag
tagging	tag
taken	take
taken a side	take a side
taken pains	take pains
taken steps	take steps
takes a side	take a side
takes pains	take pains
takes steps	take steps
taking a side	take a side
taking pains	take pains
taking steps	take steps
talcked	talc
talcking	talc
tali	talus
tallaisim	tallith
tallied	tally
tallithes	tallith
tallitoth	tallith
tally-ho'd	tally-ho
tammied	tammy
tanned	tan
tanning	tan
tapeta	tapetum
tapped	tap
tapping	tap
tarantulae	tarantula
tarred	tar
tarried	tarry
tarring	tar
tarsi	tarsus
tarsometatarsi	tarsometatarsus
tasselled	tassel
tasselling	tassel
tatted	tat
tatting	tat
taught	teach
taxa	taxon
taxes	tax
taxes	taxis
taxies	taxi
taxying	taxi
teaselled	teasel
teaselling	teasel
tectrices	tectrix
tedded	ted
tedding	ted
teeth	tooth
tegmina	tegmen
telae	tela
telamones	telamon
telangiectases	telangiectasia
telangiectases	telangiectasis
telia	telium
tempi	tempo
tenacula	tenaculum
tenderfeet	tenderfoot
teniae	tenia
tenues	tenuis
tepefied	tepefy
teraphim	teraph
terata	teras
teredines	teredo
terga	tergum
termini	terminus
terraria	terrarium
terrified	terrify
terzetti	terzetto
tesserae	tessera
testae	testa
testes	testis
testified	testify
testudines	testudo
tetrahedra	tetrahedron
tetraskelia	tetraskelion
thalamencephala	thalamencephalon
thalami	thalamus
thalli	thallus
theatres-in-the-round	theatre-in-the-round
thecae	theca
therses	thyrse
thesauri	thesaurus
theses	thesis
thickleaves	thickleaf
thieves	thief
thinking the world of	think the world of
thinks the world of	think the world of
thinned	thin
thinning	thin
tholoi	tholos
thoraces	thorax
thought	think
thought the world of	think the world of
threw	throw
threw out	throw out
thriven	thrive
throbbed	throb
throbbing	throb
thrombi	thrombus
throve	thrive
throwing out	throw out
thrown	throw
thrown out	throw out
throws out	throw out
thrummed	thrum
thrumming	thrum
thudded	thud
thudding	thud
thymi	thymus
thyrsi	thyrsus
tibiae	tibia
tidied	tidy
tilefishes	tilefish
tinned	tin
tinning	tin
tinselled	tinsel
tinselling	tinsel
tintinnabula	tintinnabulum
tipped	tip
tipping	tip
titmice	titmouse
tittupped	tittup
tittupping	tittup
toadfishes	toadfish
toadied	toady
tobaccoes	tobacco
togged	tog
togging	tog
told	tell
tomatoes	tomato
tomenta	tomentum
tondi	tondo
tonneaux	tonneau
took	take
took a side	take a side
took pains	take pains
took steps	take steps
tophi	tophus
topoi	topos
topped	top
topping	top
tore	tear
tori	torus
torn	tear
tornadoes	tornado
torpedoes	torpedo
torrefied	torrefy
torrify	torrefy
torsi	torso
totalled	total
totalling	total
totted	tot
totting	tot
touracos	touraco
touracos	turaco
towelled	towel
towelling	towel
trabeculae	trabecula
tracheae	trachea
traditores	traditor
trafficked	traffic
trafficking	traffic
tragi	tragus
trameled	trammel
trameling	trammel
tramelled	trammel
tramelling	trammel
tramels	trammel
trammed	tram
tramming	tram
transferred	transfer
transferring	transfer
transfixt	transfix
tranship	transship
transhipped	tranship
transhipping	tranship
transmitted	transmit
transmitting	transmit
transmogrified	transmogrify
transshipped	transship
transshipping	transship
trapanned	trapan
trapanning	trapan
trapezia	trapezium
trapezohedra	trapezohedron
trapped	trap
trapping	trap
traumata	trauma
travelled	travel
travelling	travel
travestied	travesty
trekked	trek
trekking	trek
trepanned	trepan
trepanning	trepan
treponemata	treponema
trichinae	trichina
triclinia	triclinium
tried	try
triennia	triennium
triforia	triforium
trigged	trig
triggerfishes	triggerfish
trigging	trig
trihedra	trihedron
trimmed	trim
trimming	trim
tripped	trip
tripping	trip
triskelia	triskelion
trisoctahedra	trisoctahedron
triumviri	triumvir
trivia	trivium
trochleae	trochlea
trod	tread
trodden	tread
trogged	trog
trogging	trog
tropaeola	tropaeolum
trotted	trot
trotting	trot
trous-de-loup	trou-de-loup
trousseaux	trousseau
trowelled	trowel
trowelling	trowel
trunkfishes	trunkfish
trymata	tryma
tubae	tuba
tugged	tug
tugging	tug
tumefied	tumefy
tunned	tun
tunnelled	tunnel
tunnelling	tunnel
tunning	tun
tupped	tup
tupping	tup
turves	turf
tut-tutted	tut-tut
tut-tutting	tut-tut
twigged	twig
twigging	twig
twinned	twin
twinning	twin
twitted	twit
twitting	twit
tying	tie
tympana	tympanum
typesetting	typeset
typewritten	typewrite
typewrote	typewrite
typified	typify
tyros	tiro
tyros	tyro
ubermenschen	ubermensch
uglies	ugli
uglified	uglify
uigurs	uighur
ulnae	ulna
ultimata	ultimatum
umbilici	umbilicus
umbones	umbo
umbrae	umbra
unbarred	unbar
unbarring	unbar
unbent	unbend
unbound	unbind
uncapped	uncap
uncapping	uncap
unci	uncus
uncidia	uredium
unclad	unclothe
unclogged	unclog
unclogging	unclog
underbidding	underbid
underbought	underbuy
undercutting	undercut
underfed	underfeed
undergirt	undergird
undergone	undergo
underlaid	underlay
underlain	underlie
underlay	underlie
underletting	underlet
underlying	underlie
underpaid	underpay
underpinned	underpin
underpinning	underpin
underpropped	underprop
underpropping	underprop
undersetting	underset
undershot	undershoot
undersold	undersell
understood	understand
understudied	understudy
undertaken	undertake
undertook	undertake
underwent	undergo
underwritten	underwrite
underwrote	underwrite
undid	undo
undone	undo
unfitted	unfit
unfitting	unfit
unfroze	unfreeze
unfrozen	unfreeze
unified	unify
unkennelled	unkennel
unkennelling	unkennel
unknitted	unknit
unknitting	unknit
unlaid	unlay
unlearnt	unlearn
unmade	unmake
unmanned	unman
unmanning	unman
unpegged	unpeg
unpegging	unpeg
unpinned	unpin
unpinning	unpin
unplugged	unplug
unplugging	unplug
unravelled	unravel
unravelling	unravel
unrigged	unrig
unrigging	unrig
unripped	unrip
unripping	unrip
unrove	unreeve
unsaid	unsay
unshipped	unship
unshipping	unship
unslung	unsling
unsnapped	unsnap
unsnapping	unsnap
unspoke	unspeak
unspoken	unspeak
unsteadied	unsteady
unstepped	unstep
unstepping	unstep
unstopped	unstop
unstopping	unstop
unstrung	unstring
unstuck	unstick
unswore	unswear
unsworn	unswear
untaught	unteach
unthought	unthink
untidied	untidy
untrod	untread
untrodden	untread
untying	untie
unwound	unwind
unwrapped	unwrap
unwrapping	unwrap
unzipped	unzip
unzipping	unzip
upbuilt	upbuild
upheld	uphold
uphove	upheave
upped	up
uppercutting	uppercut
upping	up
uprisen	uprise
uprose	uprise
upsetting	upset
upsprang	upspring
upsprung	upspring
upswept	upsweep
upswollen	upswell
upswung	upswing
uredines	uredo
uredinia	uredinium
uredosori	uredosorus
urethrae	urethra
urinalyses	urinalysis
uteri	uterus
utriculi	utriculus
uvulae	uvula
vacua	vacuum
vagged	vag
vagging	vag
vagi	vagus
vaginae	vagina
valleculae	vallecula
vaporetti	vaporetto
varices	varix
varied	vary
vasa	vas
vascula	vasculum
vatted	vat
vatting	vat
vela	velum
velamina	velamen
velaria	velarium
venae	vena
venae cavae	vena cava
ventriculi	ventriculus
verbified	verbify
verified	verify
vermes	vermis
verrucae	verruca
versified	versify
vertebrae	vertebra
vertices	vertex
vertigines	vertigo
vertigoes	vertigo
vesicae	vesica
vetoes	veto
vetted	vet
vetting	vet
vexilla	vexillum
viatica	viaticum
viatores	viator
vibracula	vibraculum
vibrissae	vibrissa
victualled	victual
victualling	victual
vilified	vilify
villi	villus
vimina	vimen
vincula	vinculum
viragoes	virago
vires	vis
virtuosi	virtuoso
vitae	vita
vitelli	vitellus
vitrified	vitrify
vitriolled	vitriol
vitriolling	vitriol
vittae	vitta
vivaria	vivarium
vivified	vivify
voces	vox
volcanoes	volcano
volkslieder	volkslied
volte	volta
volvae	volva
vorticellae	vorticella
vortices	vortex
vulvae	vulva
vying	vie
wadded	wad
waddied	waddy
wadding	wad
wadsetted	wadset
wadsetting	wadset
wagged	wag
wagging	wag
wagons-lits	wagon-lit
wahhabis	wahabi
wahhabis	wahhabi
wanderjahre	wanderjahr
wanned	wan
wanning	wan
warred	war
warring	war
was	be
water-ski'd	water-ski
waylaid	waylay
weakfishes	weakfish
wearied	weary
weatherstripped	weatherstrip
weatherstripping	weatherstrip
webbed	web
webbing	web
wedded	wed
wedding	wed
went	go
went deep	go deep
wept	weep
were	be
werewolves	werewolf
wetted	wet
wetting	wet
whammed	wham
whamming	wham
whapped	whap
whapping	whap
wharves	wharf
whetted	whet
whetting	whet
whinnied	whinny
whipped	whip
whippers-in	whipper-in
whipping	whip
whipsawn	whipsaw
whirred	whir
whirring	whir
whistle-stopped	whistle-stop
whistle-stopping	whistle-stop
whitefishes	whitefish
whizzed	whiz
whizzes	whiz
whizzing	whiz
whopped	whop
whopping	whop
wigged	wig
wigging	wig
wigwagged	wigwag
wigwagging	wigwag
wildcatted	wildcat
wildcatting	wildcat
window-shopped	window-shop
window-shopping	window-shop
winning	win
winterfed	winterfeed
wiredrawn	wiredraw
wiredrew	wiredraw
withdrawn	withdraw
withdrew	withdraw
withheld	withhold
withstood	withstand
wives	wife
woke	wake
woken	wake
wolffishes	wolffish
wolves	wolf
won	win
wonned	won
wonning	won
woodlice	woodlouse
wore	wear
worn	wear
worried	worry
worshipped	worship
worshipping	worship
wound	wind
wove	weave
woven	weave
wrapped	wrap
wrapping	wrap
wreckfishes	wreckfish
wried	wry
written	write
wrote	write
wrought	work
wrung	wring
wunderkinder	wunderkind
xiphisterna	xiphisternum
yakked	yak
yakking	yak
yapped	yap
yapping	yap
ycleped	clepe
yclept	clepe
yenned	yen
yenning	yen
yeshivahs	yeshiva
yeshivoth	yeshiva
yodelled	yodel
yodelling	yodel
yogin	yogi
yourselves	yourself
zamindaris	zamindari
zamindaris	zemindari
zapped	zap
zapping	zap
zecchini	zecchino
zeroes	zero
zigzagged	zigzag
zigzagging	zigzag
zipped	zip
zipping	zip
zoa	zoon
zoaeae	zoaea
zoaeae	zoea
zoeae	zoea
zoeas	zoaea
zoonoses	zoonosis
zoosporangia	zoosporangium
